{
  "0.0": {
    "precision": 0.5606694560669456,
    "recall": 0.7928994082840237,
    "f1-score": 0.6568627450980392,
    "support": 169.0
  },
  "1.0": {
    "precision": 0.475,
    "recall": 0.17272727272727273,
    "f1-score": 0.25333333333333335,
    "support": 110.0
  },
  "2.0": {
    "precision": 0.4563106796116505,
    "recall": 0.4563106796116505,
    "f1-score": 0.4563106796116505,
    "support": 103.0
  }
}